AREA,CAR_NAME,CLASS,LAP_TIME,LINK
Ancient Ruins,PAGANI IMOLA,A,0:57.230,https://youtu.be/UGo16MfXI_c?si=jd1JRUbqoW90X6pz&t=442
Ancient Ruins,PAGANI HUAYRA R,B,0:58.161,https://youtu.be/3rTY90zpiE8?si=nXbmPGg_UC0dy_9w
Ancient Ruins,PEUGEOT ONYX,A,0:58.329,https://youtu.be/_urRYqB5XQg?si=geoFSw3JUlUTp3oR&t=340
Ancient Ruins,GENTY AKYLONE,A,0:58.905,https://youtu.be/2Vp6bHlatS4?t=2832
Ancient Ruins,MCLAREN 570S SPIDER,A,0:59.031,https://youtu.be/crObfEaH4nQ?t=36
Ancient Ruins,TECHRULES AT96 TRACK VERSION,A,0:59.090,https://youtu.be/crObfEaH4nQ?t=36
Ancient Ruins,PAGANI HUAYRA BC,A,0:59.101,https://youtu.be/XjMhKYTSMRI?t=19
Ancient Ruins,ARRINERA HUSSARYA 33,C,1:00.603,https://youtu.be/ttEiURvKRmI?t=7
Ancient Ruins,VENCER SARTHE,C,1:01.875,https://youtu.be/9Wj76RHx7MI?t=21
Ancient Wonders,MCLAREN SPEEDTAIL,S,0:55.436,https://youtu.be/x-C2HwztoWw?si=KDWcbO59PuLnL-yF&t=8
Ancient Wonders,MCLAREN SENNA,S,0:57.131,https://youtu.be/sQX3YmsCwFg?si=fZ71nX0U9nSZa53J
Ancient Wonders,MCLAREN F1 LM,B,0:57.873,https://youtu.be/WQyth7aJsTM?si=BGBI-2cRoxrK5gZL&t=190
Ancient Wonders,VOLKSWAGEN W12 COUPE,B,0:57.999,https://youtu.be/DUZJCpX95Ik
Ancient Wonders,PORSCHE 911 GT3 RS,B,0:58.391,https://youtu.be/_cEIDBENeiA?t=12
Ancient Wonders,LAMBORGHINI HURACAN EVO SPYDER,B,0:58.835,https://youtu.be/O-lWm6Ug3qA?t=32
Ancient Wonders,MCLAREN 650S GT3,A,0:59.429,https://youtu.be/DjuxNtFRFvY?si=Eu2BCsVqCt9MrA9-&t=593
Ancient Wonders,PORSCHE PANAMERA TURBO S,C,1:00.500,https://youtu.be/dxAnJ-RU8lA
Ancient Wonders,LAMBORGHINI GALLARDO LP 560-4,C,1:01.106,https://youtu.be/-Md46bC3qYQ
Ancient Wonders,FERRARI 599XX EVO,C,1:01.325,https://youtu.be/TQWXumppNF8?t=489
Ancient Wonders,MCLAREN GT,C,1:01.407,https://youtu.be/GINOf86tmdA?t=3
Ancient Wonders,BRABHAM BT62,C,1:01.554,https://youtu.be/N-Ak7-OcV2U?t=17
Ancient Wonders,ARRINERA HUSSARYA 33,C,1:01.695,https://youtu.be/LaKqiIG8TtQ?t=251
Arc de Triomphe,KOENIGSEGG JESKO,S,0:51.306,https://youtu.be/bUy4CwmQL_U?si=kLM61VOohHqIjsp5
Arc de Triomphe,KOENIGSEGG CCXR,S,0:52.496,https://youtu.be/VW_ZHkij7hA?si=2-hrqMuGYKBkz7tX&t=228
Arc de Triomphe,VANDA ELECTRICS DENDROBIUM,A,0:54.085,https://youtu.be/VW_ZHkij7hA?si=7utpGNdaUGeoqp-g&t=16
Arc de Triomphe,VOLKSWAGEN ELECTRIC R,D,1:01.400,https://youtu.be/mpC4ZmaJ1gY?si=nV60UtydSkF-UiDc&t=6
Arc de Triomphe,BENTLEY CONTINENTAL GT3,D,1:01.673,https://youtu.be/U0x5aS6kwy4?t=3
Arc de Triomphe,PORSCHE TAYCAN TURBO S,D,1:02.823,https://youtu.be/qhGrPBFEp_c?si=R6P7n0RlyBji6f5L&t=7
Auckland Track,KOENIGSEGG GEMERA,S,0:42.511,https://youtu.be/VI53BYwpRpI?t=23
Auckland Track,BUGATTI DIVO,S,0:43.446,https://youtu.be/R9abpxC3N_A?t=17
Auckland Track,SSC TUATARA,S,0:44.589,https://youtu.be/F3eczvSsVeo?si=LtUlz3CFlm0W-3Dj&t=323
Auckland Track,LAMBORGHINI COUNTACH LPI 800-4,A,0:44.719,https://youtu.be/Sgjz2NEtU9U?si=s6H8HG8GzYP9w3rw&t=9
Auckland Track,RIMAC CONCEPT_ONE,A,0:44.922,https://youtu.be/dWRaRI5A9qQ?si=_jwJIKs-QUGllXYB&t=5
Auckland Track,PAGANI IMOLA,A,0:44.982,https://youtu.be/tfSDR08B_sQ?si=PEApYi6Btg-mIxgW&t=8
Auckland Track,TECHRULES AT96 TRACK VERSION,A,0:45.161,https://youtu.be/_IZGj5NmMcA?si=hiK6WMO78Pc7SLMt&t=6
Auckland Track,VANDA ELECTRICS DENDROBIUM,A,0:45.489,https://youtu.be/UepM4ymgi6U?si=9KDVnAe33t-196tO&t=245
Auckland Track,GENTY AKYLONE,A,0:45.620,https://youtu.be/pmBzsTelm54?t=236
Auckland Track,PAGANI HUAYRA BC,A,0:45.875,https://youtu.be/HR4atTVvvbo
Auckland Track,LAMBORGHINI SC18,A,0:46.727,https://youtu.be/UepM4ymgi6U?si=SeNd1hhJl_vP-nli&t=301
Auckland Track,LAMBORGHINI HURACAN EVO SPYDER,B,0:46.834,https://youtu.be/E0j9xwEWGcY?si=OFKKcpwXV2usGtwA&t=427
Auckland Track,LAMBORGHINI AVENTADOR J,A,0:46.884,https://youtu.be/2ZYi63WW4rg?t=267
Beach Landing,BUGATTI BOLIDE,S,1:04.731,https://youtu.be/ggvriua0jwA?si=LHqwoU-PnQCt-_nz&t=717
Beach Landing,BUGATTI LA VOITURE NOIRE,S,1:06.609,https://youtu.be/qvWAiv2bt90?t=2
Beach Landing,RIMAC NEVERA,S,1:08.484,https://youtu.be/ThBfs-7UzHg?si=fwCPDVJ9BG2D5vlg&t=1045
Beach Landing,MCLAREN F1 LM,B,1:09.437,https://youtu.be/ernjM3zwe2w?t=29
Beach Landing,VANDA ELECTRICS DENDROBIUM,A,1:09.667,https://youtu.be/oWI0BKfJ9UY?t=6
Beach Landing,PORSCHE 911 GT3 RS,B,1:10.037,https://youtu.be/xl5L761rB0E
Beach Landing,VOLKSWAGEN W12 COUPE,B,1:10.079,https://youtu.be/Bb1CG_b2dSs?t=8
Beach Landing,NISSAN GTR-50 ITALDESIGN,B,1:10.764,https://youtu.be/9V8qudRbqig?t=25
Beach Landing,PAGANI HUAYRA R,B,1:10.890,https://youtu.be/ernjM3zwe2w?t=29
Beach Landing,ZENVO TSR-S,B,1:10.953,https://youtu.be/OXc9DTaoKUs
Beach Landing,APEX AP-0,B,1:12.010,https://youtu.be/qBOpFLyqOhw?t=3
Big Passions,VANDA ELECTRICS DENDROBIUM,A,0:41.930,https://youtu.be/wmeEeBPYI1A?si=VZFnB7_Zf7i3W6Tj&t=12
Big Passions,GLICKENHAUS 007S,A,0:42.041,https://youtu.be/OXkQE51qysM?si=fraMnXVbm3LlSFOU&t=8
Big Passions,FERRARI LAFERRARI APERTA,A,0:44.177,https://youtu.be/VnZc3a1VtBA?t=701
Big Passions,FERRARI FXX K,S,0:46.630,https://youtu.be/2QVyWPBoqvU
Big Passions,VOLKSWAGEN ELECTRIC R,D,0:47.017,https://youtu.be/YfieWdWb06w?si=RjKwPCEy8egpGPe7&t=7
Big Passions,GLICKENHAUS 004C,D,0:47.388,https://youtu.be/SJsm2pCjK4s?si=Vw_75SijdfHonpme&t=18
Big Passions,BENTLEY CONTINENTAL GT3,D,0:48.611,https://youtu.be/8NIMbfS3kkI?t=474
Bread and Circuses,FERRARI LAFERRARI,A,0:33.829,https://youtu.be/kcy_TLqRCGM?si=JuB1qlwKYCWcMrQd&t=174
Bread and Circuses,FERRARI F12TDF,B,0:33.856,https://youtu.be/Rc-npQ-ZN4A?t=643
Bridges of Paris,HENNESSEY VENOM F5,S,1:07.499,https://youtu.be/Pm0k7dQcl6c
Bridges of Paris,KOENIGSEGG JESKO,S,1:11.685,https://youtu.be/zEPQl6NrEAA?t=961
Bridges of Paris,RIMAC NEVERA,S,1:14.167,https://youtu.be/-GM5L0wE6LA?t=1271
Bridges of Paris,LAMBORGHINI SIAN FKP 37,S,1:14.172,https://youtu.be/IGwjOgbXI3E?si=CQf8vpbpIkkHWGeI&t=3
Bridges of Paris,AUTOMOBILI PININFARINA BATTISTA,S,1:15.107,https://youtu.be/rtlQKsfr8jY?t=324
Bridges of Paris,LAMBORGHINI EGOISTA,S,1:17.920,https://youtu.be/Nku2kn7cYIg?si=eUEi8SznD0Yb72nb&t=437
Bridges of Paris,VANDA ELECTRICS DENDROBIUM,A,1:18.078,https://youtu.be/Exj9G-DEbrM?si=azXyIKnKHrlMPDI4&t=386
Cairo Tower Finish,BUGATTI CHIRON,S,0:30.860,https://youtu.be/p9-ndk6nFSQ?t=9
Cairo Tower Finish,BUGATTI DIVO,S,0:32.841,https://youtu.be/HQxr5p-jgMc?si=NY7G_nR5Xfh8nxHB&t=875
Cairo Tower Finish,ARRINERA HUSSARYA 33,C,0:34.431,https://youtu.be/ThBfs-7UzHg?si=ht-jOYTS5frSNgOC&t=440
Cairo Tower Finish,PORSCHE PANAMERA TURBO S,C,0:34.706,https://youtu.be/cLt6WJ9ackM?t=55
Cairo Tower Finish,MERCEDES-BENZ AMG GT BLACK SERIES,C,0:34.817,https://youtu.be/NIeoysmgbQA?t=52
Cairo Tower Finish,MCLAREN GT,C,0:34.865,https://youtu.be/WHAY1qRVDww?t=15
Cairo Tower Finish,LAMBORGHINI GALLARDO LP 560-4,C,0:35.341,https://youtu.be/S2G6fKAKMeA
Canyon Launch,JAGUAR XJR-9,A,1:08.601,https://youtu.be/QGd6KAxMu8s?t=144
Canyon Launch,JAGUAR XJ220S TWR,S,1:10.652,https://youtu.be/Rc-npQ-ZN4A?t=66
Canyon Launch,LAMBORGHINI GALLARDO LP 560-4,C,1:12.966,https://youtu.be/zEPQl6NrEAA?t=205
Canyon Launch,ARRINERA HUSSARYA 33,C,1:13.415,https://youtu.be/OaKj2ns1umk?t=7
Canyon Launch,PORSCHE PANAMERA TURBO S,C,1:14.676,https://www.youtube.com/live/VM4CVcedFHc?feature=share&t=150
Canyon Launch,ACURA NSX GT3 EVO,C,1:15.250,https://youtu.be/Atgqj7ix48Q?si=NDlm1pB067vtwWi6&t=59
Canyon Launch,PININFARINA H2 SPEED,C,1:16.083,https://youtu.be/4THp2deK19U?t=645
Canyon Launch,GLICKENHAUS 004C,D,1:17.478,https://youtu.be/j2GGz8yNg0E
Canyon Launch,TVR GRIFFITH,D,1:17.550,https://youtu.be/HeTXI55mV3g
Canyon Launch,LAMBORGHINI HURACAN SUPER TROFEO EVO,D,1:18.908,https://youtu.be/K5ueq_r7n6Q?t=7
Canyon Launch,VOLKSWAGEN ELECTRIC R,D,1:19.435,https://youtu.be/RgxoURzs5YU?t=18
Canyon Launch,CHEVROLET CORVETTE C7.R,D,1:19.676,https://youtu.be/NEJs986ToJA?si=4CH_zo0hvHrhbXoR
City by the Bay,RIMAC CONCEPT_ONE,A,0:57.596,https://youtu.be/ThBfs-7UzHg?si=S9ULKAF82eiubkLx&t=741
City by the Bay,GENTY AKYLONE,A,0:58.433,https://youtu.be/iqtHrUOS6TE?t=22
City by the Bay,LAMBORGHINI MURCIELAGO LP 640 ROADSTER,B,1:01.443,https://youtu.be/-GM5L0wE6LA?t=569
City by the Bay,LAMBORGHINI GALLARDO LP 560-4,C,1:01.821,https://youtu.be/ljiItvkIFd8?t=8
City by the Bay,MERCEDES-BENZ AMG GT BLACK SERIES,C,1:01.915,https://youtu.be/aytesYdAzKg?si=DHD6mT1pOn6UFkfx&t=9
City by the Bay,MCLAREN GT,C,1:02.110,https://youtu.be/e1q9As9sMDA?t=2
City by the Bay,BRABHAM BT62,C,1:02.128,https://youtu.be/hNoHGBqYXWU?t=10
City by the Bay,FERRARI 599XX EVO,C,1:02.227,https://youtu.be/SvbczE-N9lo?t=20
City by the Bay,PORSCHE PANAMERA TURBO S,C,1:02.428,https://youtu.be/6uufyNSfT4M?si=IJG-9SiTK8Z7lRY_&t=101
City by the Bay,CHEVROLET CORVETTE STINGRAY,C,1:03.049,https://youtu.be/G5BmjTyJnuA?t=95
Cliffhanger,BUGATTI BOLIDE,S,1:00.141,https://youtu.be/B5s22hR6WLc?si=H_a_61v5-XLgt4Fh&t=15
Cliffhanger,BUGATTI LA VOITURE NOIRE,S,1:01.479,https://youtu.be/J6q0-PRPzd8?si=ehiLrUV6q8a7rAtc&t=3
Cliffhanger,JAGUAR XJR-9,A,1:06.036,https://youtu.be/ROR5JNiCnh0?si=r0qtGCjdjPLnQxB7&t=9
Cliffhanger,LAMBORGHINI COUNTACH LPI 800-4,A,1:06.124,https://youtu.be/S1QDVbfayMQ?si=7aY9bwPsG7qe7pQG&t=15
Cliffhanger,PAGANI IMOLA,A,1:06.609,https://youtu.be/uKFtbmYeWK0?si=rblTwPMlZrvCRK2B&t=158
Cliffhanger,PAGANI HUAYRA R,B,1:06.617,https://youtu.be/BGG-x-k022Q?t=561
Cliffhanger,VOLKSWAGEN W12 COUPE,B,1:07.668,https://youtu.be/PDaqhWidD58?si=GiVfrM5JTu3biP48
Cliffhanger,DODGE VIPER GTS,A,1:09.644,https://youtu.be/w5ucXp6DCBs?si=4bucC3JAfd7ms8j8&t=9
Cliffhanger,TVR GRIFFITH,D,1:13.402,https://youtu.be/Edp0LoSNSP8
Cliffhanger,GLICKENHAUS 004C,D,1:15.761,https://youtu.be/dO_Mf9iIYg0?t=19
Cliffhanger,CHEVROLET CORVETTE C7.R,D,1:16.023,https://www.youtube.com/watch?v=ANUnKRCjmQ4&t=5s
Cliffhanger,MAZDA FURAI,D,1:16.624,https://youtu.be/LoxOOPkT_n4?t=26
Dam Buster,KOENIGSEGG JESKO,S,1:14.123,https://youtu.be/UNc5f7q4L_0?t=423
Dam Buster,PAGANI HUAYRA BC,A,1:17.547,https://youtu.be/PfkctrN_s6Q?t=498
Dam Buster,MCLAREN P1,A,1:21.657,https://youtu.be/YgRWcpQFIMo?t=445
Desert Life,HENNESSEY VENOM F5,S,1:05.166,https://youtu.be/us1h1ga-0dw
Desert Life,KOENIGSEGG JESKO,S,1:08.137,https://youtu.be/jEVIr9pMs3Q?si=rqNk07gazbFb5RFj&t=917
Desert Life,MCLAREN F1 LM,B,1:12.439,https://youtu.be/Rh5Ae2NJKJw?t=9
Desert Life,VOLKSWAGEN W12 COUPE,B,1:13.506,https://youtu.be/657pCdScxyc?t=11
Desert Life,APOLLO N,B,1:14.965,https://youtu.be/odnYzE4ldPg?t=2
Desert Life,PORSCHE CARRERA GT,B,1:15.216,https://youtu.be/irgdvM0pEd0?t=242
Desert Life,PORSCHE 911 GT3 RS,B,1:15.393,https://youtu.be/tTf98pIlIic?t=215
Desert Life,CHEVROLET CORVETTE GRAND SPORT,B,1:16.474,https://youtu.be/9gWikY72k8Q?t=451
Desert Life,GLICKENHAUS 003S,B,1:15.822,https://youtu.be/JDx0zvSSaFQ?si=dHB-bnr72XQ_jFMY&t=6
Desert Life,PININFARINA H2 SPEED,C,1:20.138,https://youtu.be/gVWAVgkDvqg?t=725
Desert Run,BUGATTI BOLIDE,S,1:07.232,https://youtu.be/NX8fW_ulS_s?t=130
Desert Run,KOENIGSEGG GEMERA,S,1:09.079,https://youtu.be/ThBfs-7UzHg?si=wZJPqMdE2vTx6u9O&t=366
Desert Run,KOENIGSEGG CCXR,S,1:09.251,https://youtu.be/PKaJibWYlbw
Desert Run,AUTOMOBILI PININFARINA BATTISTA,S,1:11.898,https://youtu.be/tkLYnnGOU1o?t=8
Desert Run,MCLAREN 570S SPIDER,A,1:14.340,https://youtu.be/BGG-x-k022Q?t=868
Desert Run,PEUGEOT ONYX,A,1:14.435,https://youtu.be/jEVIr9pMs3Q?si=CBK2nhkrYqs-FHzK&t=346
Desert Run,LAMBORGHINI AVENTADOR J,A,1:14.680,https://youtu.be/P7RDHku4aoc?si=PhD-WQfj2KhqOCv0&t=966
Dipping Down,KOENIGSEGG JESKO,S,0:55.893,https://youtu.be/ncD-cUO9N-8?t=6
Dipping Down,HENNESSEY VENOM F5,S,0:56.679,https://youtu.be/vimFJWQ1XBQ
Dipping Down,BUGATTI CHIRON,S,0:59.118,https://youtu.be/uR4ktoUxL68?t=12
Dipping Down,RIMAC NEVERA,S,1:01.523,https://youtu.be/ThBfs-7UzHg?si=N-RqwPolrpfRQ0ii&t=1117
Dipping Down,FERRARI LAFERRARI,A,1:05.164,https://youtu.be/HrsXuVrEH5g?t=14
Dipping Down,FERRARI F12TDF,B,1:05.712,https://youtu.be/Rc-npQ-ZN4A?t=694
Dipping Down,ARRINERA HUSSARYA 33,C,1:06.491,https://youtu.be/E5yucsTbntU?t=20
Dipping Down,VENCER SARTHE,C,1:06.680,https://youtu.be/9Ly-k1ZHLY0
Dipping Down,BUGATTI EB110,C,1:06.912,https://youtu.be/0E9BLo2k85M
Dipping Down,LAMBORGHINI GALLARDO LP 560-4,C,1:07.692,https://youtu.be/nc6nahp5tgs?t=92
Dipping Down,TVR GRIFFITH,D,1:10.274,https://youtu.be/aOD6-yHVRlo?si=2tqj4PAawXpgPBQV
Downtown Rise,KOENIGSEGG JESKO,S,0:54.524,https://youtu.be/78dMQlJHiC0?t=26
Downtown Rise,KOENIGSEGG GEMERA,S,0:56.738,https://youtu.be/vh_WjuXQtZU
Downtown Rise,ASTON MARTIN VALHALLA CONCEPT CAR,A,0:59.178,https://youtu.be/UGo16MfXI_c?si=v_yqc6JVA-oYmfeN&t=757
Downtown Rise,RIMAC CONCEPT_ONE,A,1:00.128,https://youtu.be/lMxTtSWz-2I?si=QplV8DGNcX2C3nwU&t=202
Downtown Rise,PAGANI IMOLA,A,1:00.397,https://youtu.be/ivGIEQTNHS0?si=p1-vEPuS6OD2sf3-&t=94
Downtown Rise,LAMBORGHINI AVENTADOR SV COUPE,A,1:00.940,https://youtu.be/hJoEFxJhRNI?t=21
Downtown Rise,PAGANI HUAYRA BC,A,1:01.203,https://youtu.be/f4ccWr7svhA?t=209
Downtown Rise,LAMBORGHINI GALLARDO LP 560-4,C,1:03.066,https://youtu.be/QvOHf-Fh-R0
Downtown Rise,MCLAREN GT,C,1:04.247,https://youtu.be/LuHLmvC2X9M
Downtown Rise,FERRARI 599XX EVO,C,1:05.125,https://youtu.be/f4lv_2j3QBo?si=kgO_Aqomh4ajWOBL&t=227
Downtown Rise,MASERATI ALFIERI,C,1:06.882,https://youtu.be/L4gqXVZS2LI
Fire and Ice,BUGATTI LA VOITURE NOIRE,S,1:09.293,https://youtu.be/USj28luWg7o?si=hvcvwkPJHgsOHDjJ&t=6
Fire and Ice,LAMBORGHINI SIAN FKP 37,S,1:13.742,https://youtu.be/d3nDYJK-ASk?si=idpx0u1XcHocowEI&t=69
Fire and Ice,MCLAREN F1 LM,B,1:14.475,https://youtu.be/EIYBtX6dadg?si=mgmW-PCkAkMoWjLf
Fire and Ice,LAMBORGHINI TERZO MILLENNIO,S,1:14.870,https://youtu.be/_urRYqB5XQg?si=NVgNHbHGv7e2At73&t=247
Fire and Ice,VOLKSWAGEN W12 COUPE,B,1:16.522,https://youtu.be/uKFtbmYeWK0?si=5-mbk1xXcE7W9c8h&t=562
Fire and Ice,LAMBORGHINI AVENTADOR J,A,1:16.631,https://youtu.be/MFpGk1vuFVs?si=NTXgVPFpStjBt_Nw&t=9
Fire and Ice,PORSCHE 911 GT3 RS,B,1:17.476,https://youtu.be/ekfZD-7BYQw?si=-ILBV8_3mM3Y-DvP&t=11
Fire and Ice,NISSAN GTR-50 ITALDESIGN,B,1:17.626,https://youtu.be/4p1kD3V4_eU?si=SAYs4jN4b8DgMsiG&t=20
Fire and Ice,LAMBORGHINI HURACAN EVO SPYDER,B,1:17.705,https://youtu.be/5ayfsMeQhQs
Fire and Ice,FERRARI ENZO FERRARI,B,1:18.822,https://youtu.be/ddT9iMrNJ0U?t=515
Fire and Ice,MCLAREN 600LT SPIDER,B,1:19.694,https://youtu.be/Rc-npQ-ZN4A?t=410
Fire and Ice,NISSAN GT R NISMO,A,1:20.599,https://youtu.be/u-yIEWG_Oqo?t=21
Football & Politics,ASPARK OWL,S,0:39.664,https://youtu.be/d0V4bngyCO4?si=cj1nKoKK0Z5VXphu
Football & Politics,BUGATTI CHIRON,S,0:39.790,https://youtu.be/em2j7eCc_dU?si=B_juJL3itlCrxFMd
Football & Politics,VOLKSWAGEN W12 COUPE,B,0:42.023,https://youtu.be/QxL4x-ChT1I?si=cnRrQ1t3-w3HEmTc&t=12
Frozen Route,KOENIGSEGG JESKO,S,1:00.706,https://www.bilibili.com/video/BV1oj411h7Lg/?share_source=copy_web&t=560
Frozen Route,TVR GRIFFITH,D,1:14.660,https://youtu.be/ZGJsgvISBdM?si=a0tCX4VqVgE7JIZe&t=21
Future Road,SSC TUATARA,S,0:37.797,https://youtu.be/xpofzRK3I6U?t=24
Future Road,KOENIGSEGG JESKO,S,0:38.125,https://youtu.be/59l1OpUEJMs?t=237
Future Road,HENNESSEY VENOM F5,S,0:38.148,https://youtu.be/g1queIIZAnM?t=415
Future Road,KOENIGSEGG AGERA RS,S,0:38.495,https://youtu.be/pqsTsSELkoY?si=76jH9NgU4UW53AcB&t=5
Future Road,BUGATTI CHIRON,S,0:39.335,https://youtu.be/0C0HxnIXNfI?t=72
Gold Rush,HENNESSEY VENOM F5,S,0:54.386,https://youtu.be/udDXS06f-50?si=yMJF-AFrr9LQTEjl&t=87
Gold Rush,PAGANI HUAYRA BC,A,1:01.940,https://youtu.be/9FMS8qRjOZ0?t=29
Gold Rush,LAMBORGHINI SIAN FKP 37,S,1:02.359,https://youtu.be/Rc-npQ-ZN4A?t=1030
Gold Rush,VLF FORCE 1 V10,A,1:02.441,https://youtu.be/3IKCgIaN8vg?t=25
Gold Rush,PAGANI IMOLA,A,1:02.562,https://youtu.be/NY3r4hVfUuA?si=B6WMSrd0XlxIfV4c&t=1005
Gold Rush,LAMBORGHINI AVENTADOR J,A,1:02.780,https://youtu.be/Nku2kn7cYIg?si=B0p-uxGyRlE8QIV5&t=362
Hairpin Sprint,RIMAC NEVERA,S,0:30.689,https://youtu.be/lw44jh1uQXU?t=12
Hairpin Sprint,LAMBORGHINI MURCIELAGO LP 640 ROADSTER,B,0:33.872,https://youtu.be/akJrByhuyo0?t=25
Hairpin Sprint,PININFARINA H2 SPEED,C,0:35.795,https://youtu.be/5cG8upAKAJE?si=ZKIkco2LRRWcCU6i&t=253
Harbor Run,PORSCHE 911 GT3 RS,B,0:39.927,https://youtu.be/fvqvpKWBHW0?si=rKvh_hQjoW7AJs1r&t=5
Harbor Run,VANDA ELECTRICS DENDROBIUM,A,0:39.843,https://youtu.be/0DHrmEhmQ_w?si=VWLTLnEab5XCcTH0&t=6
Harbor Run,PORSCHE CARRERA GT,B,0:41.118,https://youtu.be/fMgEeIJlRyw?t=13
Harbor Run,APEX AP-0,B,0:41.535,https://youtu.be/PRksOredFs0?si=uVVozJSonexuSqRC&t=7
Harbor Run,FERRARI 599XX EVO,C,0:41.989,https://youtu.be/dc1qippUb90?si=6A3YRGvbBK9d5pJE&t=705
Harbor Run,ASTON MARTIN ONE77,B,0:42.717,https://youtu.be/giu0WeBWdZg?si=9LVL7UhJZgbNrZG5&t=348
Harbor Run,MCLAREN GT,C,0:44.451,https://youtu.be/B1RGTBzuY2M?t=249
Hotel Road,BUGATTI DIVO,S,0:28.873,https://youtu.be/gVWAVgkDvqg?t=354
Icy Loop,CHEVROLET CORVETTE GRAND SPORT,B,1:00.450,https://youtu.be/T0W0JP2BXrk?si=Bv4EN8wzDyOwxEl9&t=8
Icy Loop,ACURA NSX GT3 EVO,C,1:02.380,https://youtu.be/VUC_nDUDcPA?si=dzw2NSj5GFRu-snL&t=690
Icy Loop,PININFARINA H2 SPEED,C,1:03.972,https://youtu.be/9gWikY72k8Q?t=268
Islet Race,FERRARI F8 TRIBUTO,A,0:30.159,https://youtu.be/F3eczvSsVeo?si=42GcC2ZYwQLvfA31&t=277
Journey to the Center,HENNESSEY VENOM F5,S,0:39.024,https://youtu.be/xiaLvVkRXNY?si=anLErkB8RE2k5CAv
Journey to the Center,SSC TUATARA,S,0:39.510,https://youtu.be/5K25iYTd2X8
Journey to the Center,BUGATTI CHIRON,S,0:39.548,https://youtu.be/oyMyl2N9abg?si=2fN9JK3vwS48JhnB&t=21
Journey to the Center,KOENIGSEGG JESKO,S,0:39.568,https://youtu.be/heGOW5cOhKo?t=10
Journey to the Center,BUGATTI LA VOITURE NOIRE,S,0:40.738,https://youtu.be/4YQ5AZecKDI
Journey to the Center,TRION NEMESIS,S,0:41.434,https://youtu.be/4THp2deK19U?t=584
Landslide,LAMBORGHINI REVUELTO,B,0:34.252,https://youtu.be/cXTAqBMY3U0?si=ZvxTpyRTkyIcgPmV&t=8
Leaps & Bounds,FERRARI SF90 STRADALE,S,1:11.593,https://youtu.be/FSTvuvINfGQ?si=PNOjAo-4u5PcOWfI
Leaps & Bounds,MCLAREN F1 LM,B,1:11.635,https://youtu.be/JL20cVGVcJk?t=5
Leaps & Bounds,FERRARI LAFERRARI APERTA,A,1:12.180,https://youtu.be/66IjyEsCNIM
Leaps & Bounds,FERRARI F8 TRIBUTO,A,1:12.811,https://youtu.be/Htj72b5nVPI?t=5
Leaps & Bounds,PORSCHE 911 GT3 RS,B,1:12.922,https://youtu.be/Ve8xppbKt3U?si=heoyQDgZxrTKZ7xf&t=8
Leaps & Bounds,ASTON MARTIN DBS SUPERLEGGERA,B,1:13.839,https://youtu.be/hHh2CFbION8?t=17
Leaps & Bounds,PORSCHE CARRERA GT,B,1:14.046,https://youtu.be/r8XGmS9Otbs?t=373
Leaps & Bounds,FERRARI ENZO FERRARI,B,1:14.897,https://youtu.be/Nku2kn7cYIg?si=4Uuh28_jfL14yNMn&t=197
Leaps & Bounds,CHEVROLET CORVETTE GRAND SPORT,B,1:15.618,https://youtu.be/b1h1hhiYVfE?si=TjmXQAjakE8-6e_-&t=8
Leaps & Bounds,ACURA NSX GT3 EVO,C,1:18.341,https://youtu.be/9gWikY72k8Q?t=545
Leaps & Bounds,ACURA NSX,C,1:19.895,https://youtu.be/gVWAVgkDvqg?t=816
Lighthouse,JAGUAR XJR-9,A,0:38.797,https://youtu.be/69NCIegp-2k?si=nMcEcGkBhVf9zCEp&t=17
Lighthouse,PAGANI IMOLA,A,0:38.813,https://youtu.be/nR33HF0QydM?t=8
Lighthouse,MCLAREN 570S SPIDER,A,0:39.316,https://youtu.be/DHLYwtR3B4Q?t=333
Long Run,KOENIGSEGG JESKO,S,1:09.332,https://youtu.be/X11HA7PwpDE?t=5
Long Run,BUGATTI CHIRON,S,1:10.684,https://youtu.be/t9EMU2U-hR0
Long Run,BUGATTI DIVO,S,1:12.397,https://youtu.be/Oyjt3l6oK8E?si=Nw6Y0AMrXUzLW1hu&t=391
Long Run,LAMBORGHINI EGOISTA,S,1:18.164,https://youtu.be/JpatvtQH_Q4?si=PyX8NkyU2-RHtYVw&t=385
Metro,SSC TUATARA,S,0:34.874,https://youtu.be/VW_ZHkij7hA?si=mB4s8-VgbBBxy_P1&t=295
Metro,BUGATTI BOLIDE,S,0:34.966,https://youtu.be/UGo16MfXI_c?si=8jzvngjZQzDYT8gZ&t=330
Metro,HENNESSEY VENOM F5,S,0:34.989,https://youtu.be/RmuHUcP9GcY?si=DH1N_nvw55_JVqKO&t=491
Metro,KOENIGSEGG JESKO,S,0:35.879,https://youtu.be/i2zNjY2MIoc
Metro,RIMAC NEVERA,S,0:36.160,https://youtu.be/3zLfahp27m4?t=8
Metro,KOENIGSEGG GEMERA,S,0:36.371,https://youtu.be/TqwLBUShwZw?t=6
Metropolitan,KOENIGSEGG CCXR,S,0:53.507,https://youtu.be/z2zsJGQUWDc?si=azInogK_6CwtJbkR&t=8
Metropolitan,AUTOMOBILI PININFARINA BATTISTA,S,0:54.497,https://youtu.be/v9oEyN85QCo?si=dhJ3RJo1HYtF8dNY&t=8
Metropolitan,FERRARI F8 TRIBUTO,A,0:55.725,https://youtu.be/P7RDHku4aoc?si=zccflCx3qMELt9Cm&t=98
Metropolitan,VANDA ELECTRICS DENDROBIUM,A,0:55.910,https://youtu.be/kfqpytkJ_0k?si=XFt2LvXAshn7-JmW&t=7
Metropolitan,MERCEDES-BENZ AMG GT BLACK SERIES,C,0:58.693,https://youtu.be/bE_AAgf7A2E?si=bb-c3ZMGTrCpKy03&t=11
Metropolitan,GLICKENHAUS 004C,D,1:02.444,https://youtu.be/tM3Z_GYE_6U?si=EdmDO_gs-oEOIi0L&t=8
Metropolitan,PORSCHE TAYCAN TURBO S,D,1:03.994,https://youtu.be/UGo16MfXI_c?si=Kk-tzJaEbMzS6sPx&t=1011
Nanjing Stroll,PAGANI IMOLA,A,1:04.337,https://youtu.be/WQyth7aJsTM?si=D2PehKXoiGgDkuw_&t=330
Nanjing Stroll,FERRARI LAFERRARI APERTA,A,1:05.248,https://youtu.be/Km0rxJOHkSM?si=s8CBqWcsWi9Pcfgb&t=9
Nanjing Stroll,LAMBORGHINI TERZO MILLENNIO,S,1:05.388,https://youtu.be/JpatvtQH_Q4?si=PudvplML3X2mEtne&t=309
Nanjing Stroll,ASTON MARTIN VALHALLA CONCEPT CAR,A,1:05.491,https://youtu.be/AZoZscDSIOQ?t=704
Nanjing Stroll,TECHRULES AT96 TRACK VERSION,A,1:05.743,https://youtu.be/crObfEaH4nQ?t=188
Nanjing Stroll,VOLKSWAGEN W12 COUPE,B,1:05.848,https://youtu.be/uKFtbmYeWK0?si=-Q3g-seOUEmAe0lC&t=708
Nanjing Stroll,MCLAREN 570S SPIDER,A,1:06.125,https://youtu.be/crObfEaH4nQ?t=188
Nanjing Stroll,LAMBORGHINI AVENTADOR J,A,1:06.628,https://youtu.be/DjuxNtFRFvY?si=NZXwYjdst_bwYvFL&t=742
Nanjing Stroll,ASTON MARTIN DBS SUPERLEGGERA,B,1:06.685,https://youtu.be/g1queIIZAnM?t=709
Nanjing Stroll,PORSCHE CARRERA GT,B,1:07.012,https://youtu.be/rjfbXZduiNA?t=1104
Nanjing Stroll,PORSCHE 911 GT3 RS,B,1:07.307,https://youtu.be/YpPCXDfn1GQ?t=496
Nanjing Stroll,LAMBORGHINI HURACAN EVO SPYDER,B,1:07.524,https://youtu.be/PmJqCbwLGwk?t=9
Nanjing Stroll,DRAKO GTE,B,1:08.074,https://youtu.be/7bDZV_4Buis?si=O_nXUvLJpwxRdBWq&t=21
Nile River,GENTY AKYLONE,A,1:12.768,https://youtu.be/LpBP3EszW1U?t=8
Nile River,PAGANI HUAYRA R,B,1:12.955,https://youtu.be/N84csX_Sr3U?si=PwBth9tyMy9m8k3L&t=9
Nile River,MCLAREN F1 LM,B,1:13.500,https://youtu.be/UGo16MfXI_c?si=MugyYQZVxNRACLmF&t=915
Nile River,LAMBORGHINI HURACAN EVO SPYDER,B,1:15.025,https://youtu.be/F2xPXMfyXH8?t=2
Nile River,MCLAREN GT,C,1:18.730,https://youtu.be/Exj9G-DEbrM?si=wQw_zpjqVNxweu47&t=217
Nile River,TVR GRIFFITH,D,1:22.815,https://youtu.be/ThBfs-7UzHg?si=HHmeMebvcblFRxc2&t=598
Paradise Resort,HENNESSEY VENOM F5,S,0:54.771,https://youtu.be/M7szbNh4Rss?t=7
Paradise Resort,KOENIGSEGG GEMERA,S,0:56.120,https://youtu.be/EmcfuPzLews?si=L-mqm86fqAnqw1qy&t=2
Paradise Resort,KOENIGSEGG CCXR,S,0:56.755,https://youtu.be/tstQSNtc9zc?si=MBNVoZW5WryTVEtn&t=6
Paradise Resort,BUGATTI LA VOITURE NOIRE,S,0:56.756,https://youtu.be/dc1qippUb90?si=y0z0sNi6_dmY4Q58&t=355
Paradise Resort,BUGATTI CHIRON,S,0:57.299,https://youtu.be/k2faX-BHN0A
Paradise Resort,MCLAREN SPEEDTAIL,S,0:58.646,https://youtu.be/-GM5L0wE6LA?t=979
Paradise Resort,FERRARI F8 TRIBUTO,A,1:00.152,https://youtu.be/lAZazXOIK10?si=_FOHSwJkG30SQMmB
Parasol Run,KOENIGSEGG JESKO,S,1:12.605,https://youtu.be/pmBzsTelm54?t=892
Parasol Run,KOENIGSEGG GEMERA,S,1:13.602,https://youtu.be/HQxr5p-jgMc?si=pHH5OzO_T0Si4zuq&t=932
Parasol Run,PAGANI HUAYRA BC,A,1:21.075,https://youtu.be/DHQKZdswB8w?t=189
Path of Wind,FORD GT,B,1:01.889,https://youtu.be/mqiRI7wyP2Q?si=jomkKCFuFB-U8Klj&t=19
Path of Wind,ARRINERA HUSSARYA 33,C,1:02.096,https://youtu.be/59l1OpUEJMs?t=368
Path of Wind,MCLAREN GT,C,1:03.005,https://youtu.be/ioa31Z9HPtA?t=13
Path of Wind,LAMBORGHINI GALLARDO LP 560-4,C,1:03.739,https://youtu.be/ivGIEQTNHS0?si=Hac4wjGo0Gl6eVMo&t=935
Path of Wind,VENCER SARTHE,C,1:03.807,https://youtu.be/pop0WgRS5LE?t=8
Pearl of Orient,ARRINERA HUSSARYA 33,C,1:08.575,https://youtu.be/PYxwJ2QZDT8?t=18
Pearl of Orient,MERCEDES-BENZ AMG GT BLACK SERIES,C,1:08.974,https://youtu.be/SlGTlKRlhW0?t=8
Pearl of Orient,MCLAREN GT,C,1:09.126,https://youtu.be/bP4CNnmNBkI
Pearl of Orient,BUGATTI EB110,C,1:09.157,https://youtu.be/iq6BBXJx4OU?t=8
Pearl of Orient,PORSCHE PANAMERA TURBO S,C,1:09.292,https://youtu.be/4E_8BawASsU?t=8
Pier Pressure,HENNESSEY VENOM F5,S,1:02.824,https://youtu.be/udDXS06f-50?si=SAjGkSx26gWrVOgs&t=15
Pier Pressure,BUGATTI DIVO,S,1:07.268,https://youtu.be/VUC_nDUDcPA?si=svi-LNT8C-oI7C2Q&t=83
Pudong Rise,LAMBORGHINI COUNTACH LPI 800-4,A,1:05.848,https://youtu.be/2_qSuIVKW6Y?si=jd5zodGLTEJyXuGK
Pudong Rise,PAGANI IMOLA,A,1:06.269,https://youtu.be/iOUqDJfarzk?t=218
Pudong Rise,PAGANI HUAYRA BC,A,1:06.880,https://youtu.be/iUIN_7AkRzw?si=jRn3AyJWsuEzTfeJ&t=19
Pudong Rise,FERRARI F8 TRIBUTO,A,1:07.807,https://youtu.be/8rceaWcYmWk?t=411
Pudong Rise,LAMBORGHINI GALLARDO LP 560-4,C,1:10.640,https://youtu.be/pFBK0v5FJZg?t=126
Pudong Rise,MCLAREN GT,C,1:11.015,https://youtu.be/RWNq3DKCrNE?t=41
Pudong Rise,PORSCHE PANAMERA TURBO S,C,1:11.079,https://youtu.be/RWNq3DKCrNE?t=41
Pudong Rise,ARRINERA HUSSARYA 33,C,1:11.080,https://youtu.be/NAfQroEvb9A?si=Ji0BWx04HvMRj4Qq&t=3
Pudong Rise,MERCEDES-BENZ AMG GT BLACK SERIES,C,1:11.363,https://youtu.be/pFBK0v5FJZg?t=126
Pudong Rise,TVR GRIFFITH,D,1:14.835,https://youtu.be/oIPV7GwLzTw?si=YYR26ZO0hZlkUpy2
Pudong Rise,GLICKENHAUS 004C,D,1:15.952,https://youtu.be/RsXEmXkZ3hw?t=7
Pudong Rise,CHEVROLET CORVETTE C7.R,D,1:16.711,https://youtu.be/DHLYwtR3B4Q?t=385
Pudong Rise,FORD MUSTANG MACH-E1400,D,1:17.655,https://youtu.be/_XlurYjiZoU?si=KVJEpjKVXkx-F210&t=102
Purple Boulevard,KOENIGSEGG JESKO,S,0:35.811,https://youtu.be/8h6zsWLnviE
Purple Boulevard,SSC TUATARA,S,0:36.284,https://youtu.be/Gv3y8dXvxrg?t=8
Purple Boulevard,BUGATTI CHIRON,S,0:36.909,https://youtu.be/UZEg6afnMzQ?t=12
Purple Boulevard,KOENIGSEGG REGERA,S,0:37.262,https://youtu.be/PfkctrN_s6Q?t=440
Purple Boulevard,PORSCHE 911 GT3 RS,B,0:37.863,https://youtu.be/gcv8Clu6-NY?si=12eHWADupSMKvSSp&t=19
Purple Boulevard,MCLAREN SENNA,S,0:38.213,https://youtu.be/78ZSKfGLHCM?t=892
Purple Boulevard,PAGANI HUAYRA BC,A,0:39.532,https://youtu.be/7JUNpJ-4xKM?si=xoboB-LWKx5YJxwH&t=385
Purple Boulevard,PORSCHE CARRERA GT,B,0:39.757,https://youtu.be/Oyjt3l6oK8E?si=2IeYNZxKuUnY0l8_&t=743
Purple Boulevard,PURITALIA BERLINETTA,B,0:41.641,https://youtu.be/YgRWcpQFIMo?t=387
Reach for the Sky,TECHRULES AT96 TRACK VERSION,A,0:31.245,https://youtu.be/hFFg9Q_DToc?t=9
Reach for the Sky,PORSCHE 911 GT2 RS CLUBSPORT,A,0:31.817,https://youtu.be/zEPQl6NrEAA?t=911
Reach for the Sky,VANDA ELECTRICS DENDROBIUM,A,0:32.028,https://youtu.be/ivGIEQTNHS0?si=RUmCd-p5UjJc0hej&t=831
Roller Coaster Ride,HENNESSEY VENOM F5,S,0:56.199,https://youtu.be/Ksh4plfLHtg
Roller Coaster Ride,KOENIGSEGG JESKO,S,0:56.847,https://youtu.be/rBZaM5RD3zw?si=0SkN7sEogplJPYxp
Roller Coaster Ride,SSC TUATARA,S,0:57.666,https://youtu.be/L5Z-XuLnleQ?t=7
Roller Coaster Ride,ASPARK OWL,S,0:58.933,https://www.youtube.com/watch?v=GEJ0p8zfyxM
Roller Coaster Ride,BUGATTI CENTODIECI,S,0:59.022,https://youtu.be/1dUvoRtYfZw?si=OtFJd3by9d5HjuMr
Roller Coaster Ride,BUGATTI LA VOITURE NOIRE,S,0:59.148,https://youtu.be/LaKqiIG8TtQ?t=986
Roller Coaster Ride,PAGANI ZONDA R,A,1:02.701,https://youtu.be/MWf5xAeqY0Q?t=231
Roller Coaster Ride,MCLAREN 570S SPIDER,A,1:02.833,https://youtu.be/hwelMOI9tDo?t=24
Roller Coaster Ride,PAGANI HUAYRA BC,A,1:03.702,https://youtu.be/K0OUHOdYVcA?t=863
Roller Coaster Ride,CITROÃ‹N GT BY CITROEN,A,1:03.870,https://youtu.be/2O5pQlFKhlk
Roller Coaster Ride,VANDA ELECTRICS DENDROBIUM,A,1:03.936,https://youtu.be/4P1Ze_NmZIs?t=6
Roller Coaster Ride,GLICKENHAUS 004C,D,1:10.530,https://youtu.be/-4J2HYIEF9U?si=tYQV9bnlEJHCbCEO&t=2
Roller Coaster Ride,CHEVROLET CORVETTE C7.R,D,1:11.220,https://youtu.be/zEXUq_6ZEQY
Roller Coaster Ride,LAMBORGHINI HURACAN SUPER TROFEO EVO,D,1:11.599,https://youtu.be/Oh53UdQico0?si=4nWz3heX5P9ZXP9v
Roller Coaster Ride,MAZDA FURAI,D,1:11.724,https://youtu.be/mqiRI7wyP2Q?si=gt2EtnThJONy9bLi&t=115
Roller Coaster Ride,VOLKSWAGEN ELECTRIC R,D,1:11.724,https://youtu.be/hueT4TpwhaY?t=7
Roller Coaster Ride,TVR GRIFFITH,D,1:11.846,https://youtu.be/MEUDInsxmek
Rolling Motorway,BUGATTI BOLIDE,S,0:30.022,https://youtu.be/-RlBBr_4Z5g?t=9
Rolling Motorway,PAGANI HUAYRA R,B,0:32.428,https://youtu.be/UGo16MfXI_c?si=h9yrnMjfeePYaUq2&t=387
Rolling Motorway,GENTY AKYLONE,A,0:32.568,https://youtu.be/ouKp61BDf1Q?si=nEDjUapSgdxK_2_G&t=8
Rolling Motorway,LAMBORGHINI REVUELTO,B,0:32.795,https://youtu.be/418erDI0EPo?t=8
Rolling Motorway,LAMBORGHINI HURACAN EVO SPYDER,B,0:33.221,https://youtu.be/FBG556LX4Vw?si=bW56Xosj8vmB4WZR&t=1155
Rolling Motorway,LAMBORGHINI AVENTADOR J,A,0:33.292,https://youtu.be/FJHXiSIZc4E?si=wNrPvu2AGFGVouzS&t=263
Rolling Motorway,PORSCHE 911 GT3 RS,B,0:33.416,https://youtu.be/uKFtbmYeWK0?si=giBV8fpHyaE2TI5G&t=658
Rolling Motorway,APOLLO IE,B,0:33.750,https://youtu.be/ddT9iMrNJ0U?t=604
Rolling Motorway,BUGATTI EB110,C,0:35.152,https://youtu.be/jEVIr9pMs3Q?si=nVzm7idzH1iTdEct&t=225
Sacred Heart,HENNESSEY VENOM F5,S,0:49.466,https://youtu.be/DUVxj9PLyrs
Sacred Heart,RIMAC NEVERA,S,0:51.944,https://youtu.be/4S31Sue1wU8?si=1fAGStUDIrh4D30o&t=1228
Sacred Heart,BUGATTI CHIRON,S,0:52.035,https://youtu.be/ThBfs-7UzHg?si=ixWbLVASBQCXYEiD&t=685
Sacred Heart,MCLAREN F1 LM,B,0:54.147,https://youtu.be/VW_ZHkij7hA?si=LRbqQdJkvMSvOvY3&t=163
Sacred Heart,FERRARI F8 TRIBUTO,A,0:54.155,https://youtu.be/mqiRI7wyP2Q?si=6p23pbVlGv6BJgGD&t=209
Sacred Heart,LAMBORGHINI REVUELTO,B,0:54.193,https://youtu.be/dxe8KNu-CBw?si=QByH2JBYOYgrRRX1
Sacred Heart,PAGANI HUAYRA R,B,0:54.339,https://youtu.be/GNhe429ct_s?si=m9dpI4sQVvbF9G90
Sacred Heart,APOLLO N,B,0:54.938,https://youtu.be/2Z2PsAQ__0k?t=8
Sacred Heart,LAMBORGHINI HURACAN EVO SPYDER,B,0:55.025,https://youtu.be/nQxfi_y8NV8?si=4wizenmx4hmhnyzq&t=3
Sacred Heart,PORSCHE 911 GT3 RS,B,0:55.875,https://youtu.be/78ZSKfGLHCM?t=755
Sacred Heart,MASERATI MC12,C,0:57.539,https://youtu.be/L1lJ2hgMq-g?si=pRj4lZSsTQklXQW-&t=24
Saint Peter Kickoff,HENNESSEY VENOM F5,S,1:04.432,https://youtu.be/9Oz8_Kzd05I
Saint Peter Kickoff,BUGATTI LA VOITURE NOIRE,S,1:05.532,https://youtu.be/Zot8u55GhKQ
Saint Peter Kickoff,BUGATTI CHIRON,S,1:07.332,https://youtu.be/dc1qippUb90?si=BH_m6Y1HIeJ8XuFf&t=750
Saint Peter Kickoff,TVR GRIFFITH,D,1:19.567,https://youtu.be/3UBGBbydYWc?si=TP-_08eu944jWChG&t=11
Saint Peter Kickoff,GLICKENHAUS 004C,D,1:20.636,https://youtu.be/NY3r4hVfUuA?si=RDonokwO--tLGkLG&t=597
Saint Peter Kickoff,CHEVROLET CORVETTE C7.R,D,1:21.570,https://youtu.be/sr3z3TVb1mg?t=4
Saint Peter Kickoff,MAZDA FURAI,D,1:21.795,https://youtu.be/PxZuNGZEGDE?t=22
Saint Peter Kickoff,PEUGEOT SR1,D,1:23.132,https://youtu.be/4jab_Q9WYTw?t=8
Sakura Castle,GLICKENHAUS 003S,B,0:38.358,https://youtu.be/BqD0z8nCpyo?t=8
Sakura Castle,CHEVROLET CORVETTE GRAND SPORT,B,0:38.698,https://youtu.be/kEKK8muo0O0?t=308
Sakura Castle,ASTON MARTIN DB11,B,0:41.659,https://youtu.be/ddT9iMrNJ0U?si=m2n8EQz7U9MeHOBS&t=235
Shen City,CHEVROLET CORVETTE GRAND SPORT,B,0:51.823,https://youtu.be/RskUVyXoajU
Shen City,REZVANI BEAST X,C,0:55.319,https://youtu.be/fgIqmEA_wrg
Side View,LAMBORGHINI REVUELTO,B,0:42.307,https://youtu.be/WQyth7aJsTM?si=h75hrU92992_F2Sc&t=266
Slippery When Icy,MCLAREN F1 LM,B,1:08.559,https://youtu.be/7sYrutCrX1s?si=jsj6_UEZD2a3IR-E&t=8
Slippery When Icy,VOLKSWAGEN W12 COUPE,B,1:08.976,https://youtu.be/PiGrGRdIoaE?si=HscJntBj87CCG04-&t=7
Slippery When Icy,PORSCHE 911 GT3 RS,B,1:09.723,https://youtu.be/nWc_9nILndw?t=19
Slippery When Icy,LAMBORGHINI HURACAN EVO SPYDER,B,1:10.100,https://youtu.be/F3eczvSsVeo?si=vmJ6pm8P7P-tT8kB&t=189
Slippery When Icy,ASTON MARTIN DBS SUPERLEGGERA,B,1:10.244,https://youtu.be/zEPQl6NrEAA?t=744
Snow Vault,KOENIGSEGG JESKO,S,0:32.009,https://youtu.be/uycN0IQpw6A?si=i3fb627TOl4_gyP_&t=8
Snow Vault,SSC TUATARA,S,0:32.518,https://youtu.be/nk9hr_oQMcA?t=7
Snow Vault,BUGATTI CHIRON,S,0:34.112,https://youtu.be/yfvLXIeq21k?t=38
Straights & Hairpins,KOENIGSEGG GEMERA,S,1:10.472,https://youtu.be/x9p4fkena0k?si=6iYAT-QYi0kV7PHx
Streets of SF,ASTON MARTIN DBS SUPERLEGGERA,B,1:06.421,https://youtu.be/_urRYqB5XQg?si=HDgLzoZVH6N-Lfmr&t=821
The Cave,MCLAREN 600LT SPIDER,B,0:54.161,https://youtu.be/S_a8boywYWw?si=hm_X89nw8fwII3t8&t=19
The Cave,MCLAREN P1,A,0:54.701,https://youtu.be/tfbf8ca49jc?t=19
The Cave,PORSCHE PANAMERA TURBO S,C,0:55.649,https://youtu.be/q0vATbi4Fn0?si=Hd_eh6GEhbw-qCsa&t=7
The Cave,MCLAREN GT,C,0:56.335,https://youtu.be/KdF20WmWQtc?t=16
The Cave,BRABHAM BT62,C,0:56.377,https://youtu.be/EGj3ByhXohQ
The Cave,MERCEDES-BENZ AMG GT BLACK SERIES,C,0:56.392,https://youtu.be/oXliWo0NDz0?t=8
The Cave,FERRARI 599XX EVO,C,0:56.599,https://youtu.be/1gLYepWl1BA?t=19
The Cave,ARTEGA SCALO SUPERELLETRA,C,0:57.072,https://youtu.be/Qct5xozI4ik?t=25
The City that Never Sleeps,PORSCHE PANAMERA TURBO S,C,109552,https://youtu.be/ltxOuLdqPAo?si=itbXp54nJh9rXpSY&t=10
The City that Never Sleeps,MCLAREN GT,C,1:09.675,https://youtu.be/ltxOuLdqPAo?si=E7-53cBU9GkWXckt&t=99
The City that Never Sleeps,FERRARI 599XX EVO,C,1:09.929,https://youtu.be/3fktVHqFrBU?si=UOWmYG8Uv4-X5Lbj&t=23
The City that Never Sleeps,LAMBORGHINI GALLARDO LP 560-4,C,1:09.938,https://youtu.be/rjfbXZduiNA?t=151
The Enchanted Island,HENNESSEY VENOM F5,S,0:41.067,https://youtu.be/Oyjt3l6oK8E?si=lklRt6NPx8fhp_Wy&t=325
Thousand Minarets,ASTON MARTIN VALKYRIE,S,1:09.950,https://youtu.be/DjuxNtFRFvY?si=P-TMwEZ5byyS-OhP&t=193
Thousand Minarets,ASTON MARTIN VALHALLA CONCEPT CAR,A,1:10.462,https://youtu.be/TuKVeFtWXEo?si=p3pYTbZYNNAnI1MV&t=7
Thousand Minarets,RIMAC CONCEPT_ONE,A,1:10.770,https://youtu.be/P7RDHku4aoc?si=5Z7Xz8HhkOVhBOxz&t=651
Thousand Minarets,TECHRULES AT96 TRACK VERSION,A,1:11.211,https://youtu.be/3LGsC3kUYqw?si=HJjJFy3TXP8onifu&t=14
Thousand Minarets,LAMBORGHINI AVENTADOR J,A,1:13.243,https://youtu.be/BqFkBWmj8nE?si=TRksEX6-HVWO9UcU&t=180
Thousand Minarets,ASTON MARTIN DBS SUPERLEGGERA,B,1:13.254,https://youtu.be/HQxr5p-jgMc?si=6BeDccEJh9BWAxWq&t=530
Thousand Minarets,ASTON MARTIN ONE77,B,1:14.045,https://youtu.be/Oyjt3l6oK8E?si=aVAT6Rfu6JytwqB1&t=573
Thousand Minarets,LAMBORGHINI HURACAN EVO SPYDER,B,1:12.985,https://youtu.be/ycUZ9XklPPk?si=CRLOt1LWCq7itYwf&t=16
Thousand Minarets,LAMBORGHINI GALLARDO LP 560-4,C,1:15.195,https://youtu.be/iWOKke7H00U?si=zrQjGLOuA7IPB7hi
Thousand Minarets,ARRINERA HUSSARYA 33,C,1:15.350,https://streamable.com/v8jpnh
Thousand Minarets,BUGATTI EB110,C,1:15.371,https://youtu.be/Pvvs-RXVLT0
Thousand Minarets,MCLAREN GT,C,1:15.430,https://youtu.be/UGo16MfXI_c?si=xQ3kv5aznDhkff1f&t=586
Thousand Minarets,MERCEDES-BENZ AMG GT BLACK SERIES,C,1:15.680,https://youtu.be/pFBK0v5FJZg?t=38
Thousand Minarets,PORSCHE PANAMERA TURBO S,C,1:15.884,https://youtu.be/XDEDfOo68I8?t=40
Thousand Minarets,TVR GRIFFITH,D,1:20.017,https://youtu.be/WLb782Ot9BY?si=TDk4Z3P-OxnL3Wlr&t=3
Thousand Minarets,GLICKENHAUS 004C,D,1:21.738,https://youtu.be/UGku90ucfwM?si=nbt6NCr6gQ_cCemN&t=6
Thousand Minarets,CHEVROLET CORVETTE C7.R,D,1:22.004,https://youtu.be/RC_SVBtmgz4?si=XJCibC9h_oqBrpWt&t=3
Thousand Minarets,MAZDA FURAI,D,1:22.113,https://youtu.be/3KxWohT7Qgc?t=14
Thousand Minarets,FORD MUSTANG MACH-E1400,D,1:22.274,https://youtu.be/_XlurYjiZoU?si=jnM1jYvlL69yUasY&t=10
Through the center,SSC TUATARA,S,0:36.470,https://youtu.be/_urRYqB5XQg?si=S_DQa2z63gm4ma4R&t=191
Tiber Stream,KOENIGSEGG JESKO,S,0:56.977,https://www.bilibili.com/video/BV1au4y1N7yg/?share_source=copy_web&t=5
Tiber Stream,KOENIGSEGG CCXR,S,1:00.351,https://youtu.be/ki15vBmOlpI?si=0U8J-BEq1ELFeprd&t=7
Tiber Stream,CHEVROLET CORVETTE GRAND SPORT,B,1:06.976,https://youtu.be/2Q7ye8f-KzY?t=387
Tiber Stream,ACURA NSX GT3 EVO,C,1:08.358,https://youtu.be/DLOFOwSzXnY?si=8bpip4hMsyUVgk6e&t=834
Tiber Stream,GLICKENHAUS 004C,D,1:10.820,https://youtu.be/C164aucDHzg?si=wbgawvSbu7-dbrin&t=1
Tiber Stream,LAMBORGHINI HURACAN SUPER TROFEO EVO,D,1:11.167,https://youtu.be/6V_JOWfO-Sw?t=4
Tiber Stream,VOLKSWAGEN ELECTRIC R,D,1:11.941,https://youtu.be/B8i5BCIVEnM?t=7
Tiber Stream,MAZDA FURAI,D,1:11.983,https://youtu.be/rX6dp2ka8nk?t=22
Tiber Stream,RENAULT TREZOR,D,1:12.078,https://streamable.com/5edop5
Tiber Stream,GINETTA G60,D,1:13.357,https://youtu.be/zD8y7joL5OI?t=9
Time Travel,LAMBORGHINI MURCIELAGO LP 640 ROADSTER,B,0:35.151,https://youtu.be/Oyjt3l6oK8E?si=Ng4VH-YukfhSE_Ot&t=103
To the docks,KOENIGSEGG GEMERA,S,0:30.551,https://youtu.be/yeVYPF0JEUI?si=480DHHOLzZ5KZ0dn&t=8
To the docks,KOENIGSEGG JESKO,S,0:31.889,https://youtu.be/BGG-x-k022Q?t=736
To the docks,PURITALIA BERLINETTA,B,0:32.771,https://youtu.be/P7RDHku4aoc?si=ZCCf-Asd4s248d_P&t=833
To the docks,PAGANI HUAYRA BC,A,0:33.098,https://youtu.be/7zMm638MTXs
To the docks,MASERATI ALFIERI,C,0:35.947,https://youtu.be/Yl8pxUgU2es?si=y3PjnxFKpp1UnX64&t=14
To the Eiffel,MCLAREN 600LT SPIDER,B,0:38.780,https://youtu.be/n4egvGzc3VM?si=09lY6F5ioxPmFaI5
To the Eiffel,MCLAREN P1,A,0:39.399,https://youtu.be/JpatvtQH_Q4?si=ZBDzsEaAoqHC5uVE&t=8
Top Run,BUGATTI CHIRON,S,0:43.566,https://youtu.be/QGd6KAxMu8s?t=588
Transcontinental Race,RIMAC NEVERA,S,0:59.505,https://www.bilibili.com/video/BV1494y1L7xr/?t=30
Transcontinental Race,VANDA ELECTRICS DENDROBIUM,A,1:03.234,https://youtu.be/dy_49UN8EIw?si=OEc3MbOREK_F-h3H&t=5
Under Construction,RIMAC NEVERA,S,0:48.335,https://youtu.be/NaA88K1AwFY?si=SIhMuqFCZNNVqS6s
Under Construction,KOENIGSEGG CCXR,S,0:49.736,https://youtu.be/vgvCy_AOmWw?si=P8-0QbMwx0x9SPJA&t=155
Under Construction,PAGANI IMOLA,A,0:51.303,https://youtu.be/EJ00KM4lWhs?si=cN_3vWHmC7ilUjAC&t=8
Under Construction,ASTON MARTIN VALHALLA CONCEPT CAR,A,0:51.947,https://youtu.be/uKFtbmYeWK0?si=ou-VoDSodh85IEdT&t=793
Under Construction,LAMBORGHINI AVENTADOR J,A,0:52.732,https://youtu.be/dc1qippUb90?si=vvTWzD794XHMpB4k&t=298
Under Construction,PORSCHE 911 GT3 RS,B,0:52.911,https://youtu.be/KhGlWZ_vasc?si=EJglzjTnkvzpB_ha&t=6
Under Construction,MCLAREN F1 LM,B,0:52.986,https://youtu.be/i6hBTy2DGDI?t=6
Under Construction,LAMBORGHINI HURACAN EVO SPYDER,B,0:53.038,https://youtu.be/kvgdthDqI_8?t=7
Under Construction,VOLKSWAGEN W12 COUPE,B,0:53.204,https://youtu.be/AeFLClJ98wA?t=221
Under Construction,FERRARI 812 SUPERFAST,A,0:54.619,https://youtu.be/ddT9iMrNJ0U?t=862
Under Construction,BENTLEY CONTINENTAL GT SPEED,A,0:54.862,https://youtu.be/anHKLNRuhdk?t=92
Uptown,HENNESSEY VENOM F5,S,1:00.223,https://youtu.be/B_uU58ONlk4?t=7
Uptown,BUGATTI CHIRON,S,1:01.822,https://youtu.be/0fCrUhdyNz8?t=5
Uptown,SSC TUATARA,S,1:03.432,https://youtu.be/qsGoa5MPtcs?t=11
Uptown,PORSCHE 911 GT3 RS,B,1:06.804,https://youtu.be/8f8SFR3GBnQ?t=348
Uptown,PORSCHE 911 GT2 RS CLUBSPORT,A,1:07.085,https://youtu.be/8_ysHMETLlg?t=421
Uptown,PORSCHE CARRERA GT,B,1:07.553,https://www.youtube.com/live/4CD_iLmoJiE?feature=share&t=10229
Uptown,LAMBORGHINI GALLARDO LP 560-4,C,1:08.993,https://youtu.be/w2SGKlEXtVw?t=24
Uptown,FERRARI 599XX EVO,C,1:09.681,https://youtu.be/nvELgOzZfpY
Uptown,ARRINERA HUSSARYA 33,C,1:09.719,https://youtu.be/sTnCm07gc8g?t=5
Uptown,MCLAREN GT,C,1:10.399,https://youtu.be/4jjv6PyMNsQ
Uptown,BRABHAM BT62,C,1:10.530,https://youtu.be/1QJoELKtlLM?t=10
Uptown,VENCER SARTHE,C,1:10.624,https://youtu.be/WoV4stN7AYs?t=4
Uptown,PORSCHE 718 CAYMAN GT4 CLUBSPORT,C,1:10.929,https://youtu.be/nlcnAX4AgfU
Volcano run,BUGATTI LA VOITURE NOIRE,S,1:10.194,https://youtu.be/L-TpX4sTyb0
Volcano run,LAMBORGHINI SIAN FKP 37,S,1:14.434,https://youtu.be/kfeyoluTegY?si=JDMngAP6dRFAIk8M&t=7
Volcano run,MCLAREN 570S SPIDER,A,1:16.009,https://youtu.be/akJrByhuyo0?t=919
Volcano run,GENTY AKYLONE,A,1:16.746,https://youtu.be/i5s-tmZJq7U?si=NJV1noqT7ss8Dt_4&t=8
Whirlwind Curve,KOENIGSEGG GEMERA,S,1:06.176,https://youtu.be/RmuHUcP9GcY?si=-0PvCzwU731LXCBX&t=797
Whirlwind Curve,KOENIGSEGG CCXR,S,1:06.273,https://youtu.be/yCx3jQ2h3is?t=8
Whirlwind Curve,AUTOMOBILI PININFARINA BATTISTA,S,1:08.567,https://youtu.be/tjqDauHmCxU?si=c9paHfQV2VnTjz8X&t=219
Winding Road,ASTON MARTIN VALHALLA CONCEPT CAR,A,0:40.370,https://youtu.be/8cZDUaCeMxM?t=7
Winding Road,RIMAC CONCEPT_ONE,A,0:40.662,https://youtu.be/7oCjiELrMvo?si=MLioSAbkxQj50XVG&t=7
Winding Road,LAMBORGHINI COUNTACH LPI 800-4,A,0:41.199,https://youtu.be/O-faiOedDAs?si=aYkg0RNiOgd4Py5S&t=366
Winding Road,PAGANI IMOLA,A,0:41.293,https://youtu.be/FBG556LX4Vw?si=xZexyLQ5Qy1okYNv&t=950
Winding Road,FERRARI LAFERRARI APERTA,A,0:42.291,https://youtu.be/ivGIEQTNHS0?si=khJ83K5nrFhIhrXt&t=772
Zeppelin Race,BUGATTI CHIRON,S,0:35.331,https://youtu.be/_e1GfmHf1hM?si=GB7vkDB08w9EuTqt&t=25
Zeppelin Race,ASTON MARTIN VALHALLA CONCEPT CAR,A,0:35.719,https://youtu.be/eyPTpRv-3E4?t=9
Zeppelin Race,VANDA ELECTRICS DENDROBIUM,A,0:36.229,https://youtu.be/C5tUK9yy22M?si=i5V0PJaUu5wXgOQk&t=436
Zeppelin Race,PORSCHE 918 SPYDER,A,0:37.607,https://youtu.be/jEVIr9pMs3Q?si=oU27W3fAhd637aSo&t=866
Zeppelin Race,VOLKSWAGEN ELECTRIC R,D,0:39.361,https://youtu.be/uKFtbmYeWK0?si=B7XoiL3BB_xprdiK&t=101
Zeppelin Race,PORSCHE TAYCAN TURBO S,D,0:40.646,https://youtu.be/4s57pUGngkI?si=7gPBZSN4Vt4Ka3Pw&t=68
Zeppelin Race,LOTUS ELISE SPRINT 220,D,0:40.696,https://youtu.be/4s57pUGngkI?si=GBb4Hpc5lwyFqQvd&t=125